{
  "model": "ms_allbands",
  "in_channels": 12,
  "bands": [
    0,
    1,
    2,
    3,
    4,
    5,
    6,
    7,
    8,
    9,
    11,
    12
  ],
  "indices": [],
  "test_accuracy": 0.9696296296296296,
  "test_loss": 0.08705967690830153,
  "per_class": {
    "AnnualCrop": {
      "precision": 0.9690189328743546,
      "recall": 0.9383333333333334,
      "f1-score": 0.9534292972057579,
      "support": 600.0
    },
    "Forest": {
      "precision": 0.989983305509182,
      "recall": 0.9883333333333333,
      "f1-score": 0.9891576313594662,
      "support": 600.0
    },
    "HerbaceousVegetation": {
      "precision": 0.9780405405405406,
      "recall": 0.965,
      "f1-score": 0.9714765100671141,
      "support": 600.0
    },
    "Highway": {
      "precision": 0.979381443298969,
      "recall": 0.95,
      "f1-score": 0.9644670050761421,
      "support": 500.0
    },
    "Industrial": {
      "precision": 0.9815950920245399,
      "recall": 0.96,
      "f1-score": 0.9706774519716885,
      "support": 500.0
    },
    "Pasture": {
      "precision": 0.9287410926365796,
      "recall": 0.9775,
      "f1-score": 0.9524969549330086,
      "support": 400.0
    },
    "PermanentCrop": {
      "precision": 0.9442231075697212,
      "recall": 0.948,
      "f1-score": 0.9461077844311376,
      "support": 500.0
    },
    "Residential": {
      "precision": 0.944620253164557,
      "recall": 0.995,
      "f1-score": 0.9691558441558442,
      "support": 600.0
    },
    "River": {
      "precision": 0.9760479041916168,
      "recall": 0.978,
      "f1-score": 0.977022977022977,
      "support": 500.0
    },
    "SeaLake": {
      "precision": 0.9949832775919732,
      "recall": 0.9916666666666667,
      "f1-score": 0.9933222036727879,
      "support": 600.0
    }
  },
  "macro_f1": 0.9687313659895924,
  "weighted_f1": 0.9696409783519921,
  "mean": [
    0.13422891497612,
    0.11044154316186905,
    0.10307861864566803,
    0.0932222232222557,
    0.11821528524160385,
    0.193142831325531,
    0.22779344022274017,
    0.2209276556968689,
    0.07163620740175247,
    0.0012207586551085114,
    0.10957374423742294,
    0.24924778938293457
  ],
  "std": [
    0.023635229095816612,
    0.03160672262310982,
    0.03753049299120903,
    0.05644208937883377,
    0.054665084928274155,
    0.08830539137125015,
    0.11139274388551712,
    0.11440987884998322,
    0.042539119720458984,
    0.0005024929996579885,
    0.07568150758743286,
    0.12679815292358398
  ],
  "epochs": 20,
  "batch_size": 64,
  "lr": 0.001,
  "seed": 42
}