{
  "model": "rgb_baseline",
  "in_channels": 3,
  "test_accuracy": 0.9512962962962963,
  "test_loss": 0.1383751137420121,
  "per_class": {
    "AnnualCrop": {
      "precision": 0.9405940594059405,
      "recall": 0.95,
      "f1-score": 0.9452736318407959,
      "support": 600.0
    },
    "Forest": {
      "precision": 0.9767441860465116,
      "recall": 0.98,
      "f1-score": 0.9783693843594009,
      "support": 600.0
    },
    "HerbaceousVegetation": {
      "precision": 0.9284497444633731,
      "recall": 0.9083333333333333,
      "f1-score": 0.9182813816343723,
      "support": 600.0
    },
    "Highway": {
      "precision": 0.9785407725321889,
      "recall": 0.912,
      "f1-score": 0.9440993788819876,
      "support": 500.0
    },
    "Industrial": {
      "precision": 0.9393939393939394,
      "recall": 0.992,
      "f1-score": 0.9649805447470818,
      "support": 500.0
    },
    "Pasture": {
      "precision": 0.9221698113207547,
      "recall": 0.9775,
      "f1-score": 0.9490291262135921,
      "support": 400.0
    },
    "PermanentCrop": {
      "precision": 0.9409190371991247,
      "recall": 0.86,
      "f1-score": 0.8986415882967607,
      "support": 500.0
    },
    "Residential": {
      "precision": 0.989983305509182,
      "recall": 0.9883333333333333,
      "f1-score": 0.9891576313594662,
      "support": 600.0
    },
    "River": {
      "precision": 0.8921933085501859,
      "recall": 0.96,
      "f1-score": 0.9248554913294798,
      "support": 500.0
    },
    "SeaLake": {
      "precision": 0.9915682967959528,
      "recall": 0.98,
      "f1-score": 0.9857502095557419,
      "support": 600.0
    }
  },
  "macro_f1": 0.9498438368218679,
  "weighted_f1": 0.951111017659807,
  "epochs": 20,
  "batch_size": 64,
  "lr": 0.001,
  "seed": 42
}