{
  "model": "rgb_indices",
  "in_channels": 6,
  "bands": [
    1,
    2,
    3
  ],
  "indices": [
    "NDVI",
    "NDWI",
    "NDBI"
  ],
  "test_accuracy": 0.9590740740740741,
  "test_loss": 0.11934343281068625,
  "per_class": {
    "AnnualCrop": {
      "precision": 0.9242902208201893,
      "recall": 0.9766666666666667,
      "f1-score": 0.9497568881685576,
      "support": 600.0
    },
    "Forest": {
      "precision": 0.9833055091819699,
      "recall": 0.9816666666666667,
      "f1-score": 0.9824854045037532,
      "support": 600.0
    },
    "HerbaceousVegetation": {
      "precision": 0.9478114478114478,
      "recall": 0.9383333333333334,
      "f1-score": 0.9430485762144054,
      "support": 600.0
    },
    "Highway": {
      "precision": 0.9719438877755511,
      "recall": 0.97,
      "f1-score": 0.970970970970971,
      "support": 500.0
    },
    "Industrial": {
      "precision": 0.989247311827957,
      "recall": 0.92,
      "f1-score": 0.9533678756476685,
      "support": 500.0
    },
    "Pasture": {
      "precision": 0.9797101449275363,
      "recall": 0.845,
      "f1-score": 0.9073825503355705,
      "support": 400.0
    },
    "PermanentCrop": {
      "precision": 0.9090909090909091,
      "recall": 0.94,
      "f1-score": 0.9242871189773844,
      "support": 500.0
    },
    "Residential": {
      "precision": 0.9258114374034003,
      "recall": 0.9983333333333333,
      "f1-score": 0.9607056936647955,
      "support": 600.0
    },
    "River": {
      "precision": 0.982,
      "recall": 0.982,
      "f1-score": 0.982,
      "support": 500.0
    },
    "SeaLake": {
      "precision": 0.9966666666666667,
      "recall": 0.9966666666666667,
      "f1-score": 0.9966666666666667,
      "support": 600.0
    }
  },
  "macro_f1": 0.9570671745149772,
  "weighted_f1": 0.9588636926783605,
  "mean": [
    0.11044154316186905,
    0.10307861864566803,
    0.0932222232222557,
    0.3236750066280365,
    -0.2551128566265106,
    -0.40098240971565247
  ],
  "std": [
    0.03160672262310982,
    0.03753049299120903,
    0.05644208937883377,
    0.33514779806137085,
    0.3528156578540802,
    0.28008660674095154
  ],
  "epochs": 20,
  "batch_size": 64,
  "lr": 0.001,
  "seed": 42
}