{
  "model": "rgb_baseline",
  "in_channels": 3,
  "test_accuracy": 0.9448148148148148,
  "test_loss": 0.15939232614926166,
  "per_class": {
    "AnnualCrop": {
      "precision": 0.9478260869565217,
      "recall": 0.9083333333333333,
      "f1-score": 0.9276595744680851,
      "support": 600.0
    },
    "Forest": {
      "precision": 0.9798657718120806,
      "recall": 0.9733333333333334,
      "f1-score": 0.9765886287625419,
      "support": 600.0
    },
    "HerbaceousVegetation": {
      "precision": 0.916247906197655,
      "recall": 0.9116666666666666,
      "f1-score": 0.913951545530493,
      "support": 600.0
    },
    "Highway": {
      "precision": 0.9432048681541582,
      "recall": 0.93,
      "f1-score": 0.9365558912386707,
      "support": 500.0
    },
    "Industrial": {
      "precision": 0.96579476861167,
      "recall": 0.96,
      "f1-score": 0.9628886659979938,
      "support": 500.0
    },
    "Pasture": {
      "precision": 0.9414758269720102,
      "recall": 0.925,
      "f1-score": 0.9331651954602773,
      "support": 400.0
    },
    "PermanentCrop": {
      "precision": 0.8687615526802218,
      "recall": 0.94,
      "f1-score": 0.9029779058597502,
      "support": 500.0
    },
    "Residential": {
      "precision": 0.9801980198019802,
      "recall": 0.99,
      "f1-score": 0.9850746268656716,
      "support": 600.0
    },
    "River": {
      "precision": 0.9251012145748988,
      "recall": 0.914,
      "f1-score": 0.9195171026156942,
      "support": 500.0
    },
    "SeaLake": {
      "precision": 0.9703947368421053,
      "recall": 0.9833333333333333,
      "f1-score": 0.9768211920529801,
      "support": 600.0
    }
  },
  "macro_f1": 0.9435200328852158,
  "weighted_f1": 0.9448691114163017,
  "epochs": 20,
  "batch_size": 64,
  "lr": 0.001,
  "seed": 42
}