{
  "model": "rgb_baseline",
  "in_channels": 3,
  "test_accuracy": 0.942962962962963,
  "test_loss": 0.17148543442427008,
  "per_class": {
    "AnnualCrop": {
      "precision": 0.9487179487179487,
      "recall": 0.8633333333333333,
      "f1-score": 0.9040139616055846,
      "support": 600.0
    },
    "Forest": {
      "precision": 0.9898477157360406,
      "recall": 0.975,
      "f1-score": 0.982367758186398,
      "support": 600.0
    },
    "HerbaceousVegetation": {
      "precision": 0.911620294599018,
      "recall": 0.9283333333333333,
      "f1-score": 0.9199009083402148,
      "support": 600.0
    },
    "Highway": {
      "precision": 0.9454545454545454,
      "recall": 0.936,
      "f1-score": 0.9407035175879397,
      "support": 500.0
    },
    "Industrial": {
      "precision": 0.989517819706499,
      "recall": 0.944,
      "f1-score": 0.9662231320368475,
      "support": 500.0
    },
    "Pasture": {
      "precision": 0.9616368286445013,
      "recall": 0.94,
      "f1-score": 0.9506953223767383,
      "support": 400.0
    },
    "PermanentCrop": {
      "precision": 0.8336314847942755,
      "recall": 0.932,
      "f1-score": 0.8800755429650614,
      "support": 500.0
    },
    "Residential": {
      "precision": 0.975328947368421,
      "recall": 0.9883333333333333,
      "f1-score": 0.9817880794701986,
      "support": 600.0
    },
    "River": {
      "precision": 0.8935361216730038,
      "recall": 0.94,
      "f1-score": 0.9161793372319688,
      "support": 500.0
    },
    "SeaLake": {
      "precision": 0.9848993288590604,
      "recall": 0.9783333333333334,
      "f1-score": 0.9816053511705685,
      "support": 600.0
    }
  },
  "macro_f1": 0.942355291097152,
  "weighted_f1": 0.9432730609491448,
  "epochs": 20,
  "batch_size": 64,
  "lr": 0.001,
  "seed": 42
}